IN_x;IN_y;OUT_x;OUT_y
2023-01-14 13:57:57:212;2482;2023-01-14 13:57:57:212;2425.1
2023-01-14 13:57:57:212;2512;2023-01-14 13:57:57:212;2441.7
2023-01-14 13:57:57:744;835;2023-01-14 13:57:57:744;2308
2023-01-14 13:57:57:759;681;2023-01-14 13:57:57:759;1836.9
2023-01-14 13:57:57:759;630;2023-01-14 13:57:57:759;1238.6
2023-01-14 13:57:57:775;636;2023-01-14 13:57:57:775;807.1
2023-01-14 13:57:57:790;786;2023-01-14 13:57:57:790;610.5
2023-01-14 13:57:57:790;467;2023-01-14 13:57:57:790;567.8
2023-01-14 13:57:57:806;403;2023-01-14 13:57:57:806;539
2023-01-14 13:57:57:822;346;2023-01-14 13:57:57:822;477
2023-01-14 13:57:57:822;388;2023-01-14 13:57:57:822;414.9
2023-01-14 13:57:57:837;358;2023-01-14 13:57:57:837;376.6
2023-01-14 13:57:57:853;310;2023-01-14 13:57:57:853;354.8
2023-01-14 13:57:57:868;265;2023-01-14 13:57:57:868;330.4
2023-01-14 13:57:57:868;247;2023-01-14 13:57:57:868;299.3
2023-01-14 13:57:57:884;234;2023-01-14 13:57:57:884;269
2023-01-14 13:57:57:884;225;2023-01-14 13:57:57:884;245.6
2023-01-14 13:57:57:900;244;2023-01-14 13:57:57:900;232.5
2023-01-14 13:57:57:900;247;2023-01-14 13:57:57:900;231.1
2023-01-14 13:57:57:935;251;2023-01-14 13:57:57:935;236.9
2023-01-14 13:57:57:935;253;2023-01-14 13:57:57:935;244.2
2023-01-14 13:57:57:935;259;2023-01-14 13:57:57:935;250.4
2023-01-14 13:57:57:947;265;2023-01-14 13:57:57:947;255.9
2023-01-14 13:57:57:963;247;2023-01-14 13:57:57:963;258.9
2023-01-14 13:57:57:963;253;2023-01-14 13:57:57:963;257.6
2023-01-14 13:57:57:979;286;2023-01-14 13:57:57:979;258
2023-01-14 13:57:57:979;295;2023-01-14 13:57:57:979;266.7
2023-01-14 13:57:57:994;352;2023-01-14 13:57:57:994;285.4
2023-01-14 13:57:58:11;367;2023-01-14 13:57:58:11;313.5
2023-01-14 13:57:58:11;404;2023-01-14 13:57:58:11;345.9
2023-01-14 13:57:58:27;418;2023-01-14 13:57:58:27;377.2
2023-01-14 13:57:58:43;530;2023-01-14 13:57:58:43;413.1
2023-01-14 13:57:58:58;370;2023-01-14 13:57:58:58;444.2
2023-01-14 13:57:58:58;416;2023-01-14 13:57:58:58;445.7
2023-01-14 13:57:58:58;461;2023-01-14 13:57:58:58;434.5
2023-01-14 13:57:58:74;488;2023-01-14 13:57:58:74;439.4
2023-01-14 13:57:58:89;539;2023-01-14 13:57:58:89;462.3
2023-01-14 13:57:58:89;542;2023-01-14 13:57:58:89;495.2
2023-01-14 13:57:58:105;594;2023-01-14 13:57:58:105;529.2
2023-01-14 13:57:58:121;723;2023-01-14 13:57:58:121;573.4
2023-01-14 13:57:58:121;906;2023-01-14 13:57:58:121;651.8
2023-01-14 13:57:58:262;1304;2023-01-14 13:57:58:262;798.2
2023-01-14 13:57:58:277;1235;2023-01-14 13:57:58:277;998.9
2023-01-14 13:57:58:293;1113;2023-01-14 13:57:58:293;1152.8
2023-01-14 13:57:58:308;1072;2023-01-14 13:57:58:308;1196.5
2023-01-14 13:57:58:313;1102;2023-01-14 13:57:58:313;1169.3
2023-01-14 13:57:58:320;1114;2023-01-14 13:57:58:320;1132.2
2023-01-14 13:57:58:324;1225;2023-01-14 13:57:58:324;1122.4
2023-01-14 13:57:58:340;1364;2023-01-14 13:57:58:340;1161.9
2023-01-14 13:57:58:340;1376;2023-01-14 13:57:58:340;1241.6
2023-01-14 13:57:58:356;1391;2023-01-14 13:57:58:356;1320.9
2023-01-14 13:57:58:371;1401;2023-01-14 13:57:58:371;1374.2
2023-01-14 13:57:58:371;1486;2023-01-14 13:57:58:371;1409.8
2023-01-14 13:57:58:387;1595;2023-01-14 13:57:58:387;1453.7
2023-01-14 13:57:58:403;1601;2023-01-14 13:57:58:403;1513.5
2023-01-14 13:57:58:403;1604;2023-01-14 13:57:58:403;1567.3
2023-01-14 13:57:58:434;1779;2023-01-14 13:57:58:434;1616.3
2023-01-14 13:57:58:912;3923;2023-01-14 13:57:58:912;1888.4
2023-01-14 13:57:58:943;3833;2023-01-14 13:57:58:943;2555.5
2023-01-14 13:57:58:943;3900;2023-01-14 13:57:58:943;3292
2023-01-14 13:57:58:943;4354;2023-01-14 13:57:58:943;3812.6
2023-01-14 13:57:58:959;4369;2023-01-14 13:57:58:959;4154.7
2023-01-14 13:57:58:959;4341;2023-01-14 13:57:58:959;4348.2
2023-01-14 13:57:58:974;4649;2023-01-14 13:57:58:974;4442.6
2023-01-14 13:57:58:990;4164;2023-01-14 13:57:58:990;4477.3
2023-01-14 13:57:58:990;4355;2023-01-14 13:57:58:990;4432.5
2023-01-14 13:57:59:6;4074;2023-01-14 13:57:59:6;4341.2
2023-01-14 13:57:59:22;4195;2023-01-14 13:57:59:22;4245.7
2023-01-14 13:57:59:22;3796;2023-01-14 13:57:59:22;4143.3
2023-01-14 13:57:59:38;3757;2023-01-14 13:57:59:38;4008.7
2023-01-14 13:57:59:53;4307;2023-01-14 13:57:59:53;3923
2023-01-14 13:57:59:53;4417;2023-01-14 13:57:59:53;4001.5
2023-01-14 13:57:59:69;4386;2023-01-14 13:57:59:69;4176.1
2023-01-14 13:57:59:69;4213;2023-01-14 13:57:59:69;4302.4
2023-01-14 13:57:59:84;4224;2023-01-14 13:57:59:84;4327.5
2023-01-14 13:57:59:100;3064;2023-01-14 13:57:59:100;4181.1
2023-01-14 13:57:59:100;2883;2023-01-14 13:57:59:100;3791.7
2023-01-14 13:57:59:131;3301;2023-01-14 13:57:59:131;3365.5
2023-01-14 13:57:59:131;3244;2023-01-14 13:57:59:131;3151.9
2023-01-14 13:57:59:131;4207;2023-01-14 13:57:59:131;3216.3
2023-01-14 13:57:59:147;4292;2023-01-14 13:57:59:147;3538.9
2023-01-14 13:57:59:163;3827;2023-01-14 13:57:59:163;3886.8
2023-01-14 13:57:59:163;3380;2023-01-14 13:57:59:163;3981.1
2023-01-14 13:57:59:179;4655;2023-01-14 13:57:59:179;3945.9
2023-01-14 13:57:59:179;4863;2023-01-14 13:57:59:179;4106.9
2023-01-14 13:57:59:273;4624;2023-01-14 13:57:59:273;4412.2
2023-01-14 13:57:59:415;10608;2023-01-14 13:57:59:415;5204.1
2023-01-14 13:57:59:446;10434;2023-01-14 13:57:59:446;6977.1
2023-01-14 13:57:59:462;10391;2023-01-14 13:57:59:462;8930.7
2023-01-14 13:57:59:477;10566;2023-01-14 13:57:59:477;10173.2
2023-01-14 13:58:01:968;608;2023-01-14 13:58:01:968;9751.4
2023-01-14 13:58:01:983;581;2023-01-14 13:58:01:983;7009.8
2023-01-14 13:58:02:124;310;2023-01-14 13:58:02:124;3561.8
2023-01-14 13:58:02:139;268;2023-01-14 13:58:02:139;1165.2
2023-01-14 13:58:02:139;298;2023-01-14 13:58:02:139;23.2
2023-01-14 13:58:02:139;262;2023-01-14 13:58:02:139;-256.6
2023-01-14 13:58:02:155;304;2023-01-14 13:58:02:155;-139.7
2023-01-14 13:58:02:170;340;2023-01-14 13:58:02:170;72
2023-01-14 13:58:02:186;323;2023-01-14 13:58:02:186;242
2023-01-14 13:58:02:702;524;2023-01-14 13:58:02:702;351.6
